severidad_regla,check_id,archivo,linea_inicial,linea_final,mensaje,cwe,owasp,estado_triage,severidad_final
WARNING,python.django.security.injection.sql.sql-injection-using-db-cursor-execute.sql-injection-db-cursor-execute,app-vulnerable/backend/api/admin.py,51,56,"User-controlled data from a request is passed to 'execute()'. This could lead to a SQL injection and therefore protected information could be leaked. Instead, use django's QuerySets, which are built with query parameterization and therefore",CWE-89: Improper Neutralization of Special Elements used in an SQL Command ('SQL Injection'),"A01:2017 - Injection, A03:2021 - Injection, A05:2025 - Injection",True positive,Media
ERROR,python.flask.security.injection.tainted-sql-string.tainted-sql-string,app-vulnerable/backend/api/admin.py,52,55,Detected user input used to manually construct a SQL string. This is usually bad practice because manual construction could accidentally result in a SQL injection. An attacker could use a SQL injection to steal or modify contents of the dat,CWE-704: Incorrect Type Conversion or Cast,"A01:2017 - Injection, A03:2021 - Injection, A05:2025 - Injection",True positive,Media
ERROR,python.flask.security.injection.subprocess-injection.subprocess-injection,app-vulnerable/backend/api/admin.py,67,69,"Detected user input entering a `subprocess` call unsafely. This could result in a command injection vulnerability. An attacker could use this vulnerability to execute arbitrary commands on the host, which allows them to download malware, sc",CWE-78: Improper Neutralization of Special Elements used in an OS Command ('OS Command Injection'),"A01:2017 - Injection, A03:2021 - Injection, A05:2025 - Injection",True positive,Critica
ERROR,python.lang.security.dangerous-subprocess-use.dangerous-subprocess-use,app-vulnerable/backend/api/admin.py,68,68,Detected subprocess function 'check_output' with user controlled data. A malicious actor could leverage this to perform command injection. You may consider using 'shlex.escape()'.,CWE-78: Improper Neutralization of Special Elements used in an OS Command ('OS Command Injection'),"A01:2017 - Injection, A03:2021 - Injection, A05:2025 - Injection",True positive,Critica
ERROR,python.lang.security.audit.subprocess-shell-true.subprocess-shell-true,app-vulnerable/backend/api/admin.py,68,68,"Found 'subprocess' function 'check_output' with 'shell=True'. This is dangerous because this call will spawn the command using a shell process. Doing so propagates current shell settings and variables, which makes it much easier for a malic",CWE-78: Improper Neutralization of Special Elements used in an OS Command ('OS Command Injection'),"A01:2017 - Injection, A03:2021 - Injection, A05:2025 - Injection",True positive,Critica
WARNING,python.lang.security.audit.logging.logger-credential-leak.python-logger-credential-disclosure,app-vulnerable/backend/api/auth.py,30,31,"Detected a python logger call with a potential hardcoded secret ""Intento de login usuario=%s password=%s ip=%s"" being logged. This may lead to secret credentials being exposed. Make sure that the logger is not logging  sensitive information",CWE-532: Insertion of Sensitive Information into Log File,"A09:2021 - Security Logging and Monitoring Failures, A09:2025 - Security Logging & Alerting Failures",True positive,Alta
ERROR,python.flask.security.injection.tainted-sql-string.tainted-sql-string,app-vulnerable/backend/api/reports.py,35,38,Detected user input used to manually construct a SQL string. This is usually bad practice because manual construction could accidentally result in a SQL injection. An attacker could use a SQL injection to steal or modify contents of the dat,CWE-704: Incorrect Type Conversion or Cast,"A01:2017 - Injection, A03:2021 - Injection, A05:2025 - Injection",True positive,Media
ERROR,python.flask.security.injection.tainted-sql-string.tainted-sql-string,app-vulnerable/backend/api/tickets.py,35,37,Detected user input used to manually construct a SQL string. This is usually bad practice because manual construction could accidentally result in a SQL injection. An attacker could use a SQL injection to steal or modify contents of the dat,CWE-704: Incorrect Type Conversion or Cast,"A01:2017 - Injection, A03:2021 - Injection, A05:2025 - Injection",True positive,Media
ERROR,python.flask.security.injection.tainted-sql-string.tainted-sql-string,app-vulnerable/backend/api/tickets.py,105,105,Detected user input used to manually construct a SQL string. This is usually bad practice because manual construction could accidentally result in a SQL injection. An attacker could use a SQL injection to steal or modify contents of the dat,CWE-704: Incorrect Type Conversion or Cast,"A01:2017 - Injection, A03:2021 - Injection, A05:2025 - Injection",True positive,Critica
WARNING,python.flask.security.injection.raw-html-concat.raw-html-format,app-vulnerable/backend/api/tickets.py,142,149,"Detected user input flowing into a manually constructed HTML string. You may be accidentally bypassing secure methods of rendering HTML by manually constructing HTML and this could create a cross-site scripting vulnerability, which could le",CWE-79: Improper Neutralization of Input During Web Page Generation ('Cross-site Scripting'),"A07:2017 - Cross-Site Scripting (XSS), A03:2021 - Injection, A05:2025 - Injection",True positive,Media
WARNING,python.django.security.injection.raw-html-format.raw-html-format,app-vulnerable/backend/api/tickets.py,187,191,"Detected user input flowing into a manually constructed HTML string. You may be accidentally bypassing secure methods of rendering HTML by manually constructing HTML and this could create a cross-site scripting vulnerability, which could le",CWE-79: Improper Neutralization of Input During Web Page Generation ('Cross-site Scripting'),"A07:2017 - Cross-Site Scripting (XSS), A03:2021 - Injection, A05:2025 - Injection",True positive,Media
WARNING,python.flask.security.injection.raw-html-concat.raw-html-format,app-vulnerable/backend/api/tickets.py,187,191,"Detected user input flowing into a manually constructed HTML string. You may be accidentally bypassing secure methods of rendering HTML by manually constructing HTML and this could create a cross-site scripting vulnerability, which could le",CWE-79: Improper Neutralization of Input During Web Page Generation ('Cross-site Scripting'),"A07:2017 - Cross-Site Scripting (XSS), A03:2021 - Injection, A05:2025 - Injection",True positive,Media
ERROR,python.flask.security.injection.tainted-sql-string.tainted-sql-string,app-vulnerable/backend/api/users.py,30,33,Detected user input used to manually construct a SQL string. This is usually bad practice because manual construction could accidentally result in a SQL injection. An attacker could use a SQL injection to steal or modify contents of the dat,CWE-704: Incorrect Type Conversion or Cast,"A01:2017 - Injection, A03:2021 - Injection, A05:2025 - Injection",True positive,Media
WARNING,python.lang.security.audit.insecure-file-permissions.insecure-file-permissions,app-vulnerable/backend/api/users.py,102,102,These permissions `0o777` are widely permissive and grant access to more people than may be necessary. A good default is `0o644` which gives read and write access to yourself and read access to everyone else.,CWE-276: Incorrect Default Permissions,"A01:2021 - Broken Access Control, A01:2025 - Broken Access Control",True positive,Baja
WARNING,python.flask.security.audit.app-run-param-config.avoid_app_run_with_bad_host,app-vulnerable/backend/app.py,96,96,Running flask app with host 0.0.0.0 could expose the server publicly.,CWE-668: Exposure of Resource to Wrong Sphere,"A01:2021 - Broken Access Control, A01:2025 - Broken Access Control",False positive,No aplica
WARNING,python.lang.security.audit.insecure-file-permissions.insecure-file-permissions,app-vulnerable/backend/core/logging_conf.py,20,20,These permissions `0o666` are widely permissive and grant access to more people than may be necessary. A good default is `0o644` which gives read and write access to yourself and read access to everyone else.,CWE-276: Incorrect Default Permissions,"A01:2021 - Broken Access Control, A01:2025 - Broken Access Control",True positive,Baja
WARNING,python.lang.security.insecure-hash-algorithms-md5.insecure-hash-algorithm-md5,app-vulnerable/backend/core/security.py,22,22,Detected MD5 hash algorithm which is considered insecure. MD5 is not collision resistant and is therefore not suitable as a cryptographic signature. Use SHA256 or SHA3 instead.,CWE-327: Use of a Broken or Risky Cryptographic Algorithm,"A03:2017 - Sensitive Data Exposure, A02:2021 - Cryptographic Failures, A04:2025 - Cryptographic Failures",True positive,Alta
WARNING,python.lang.security.audit.md5-used-as-password.md5-used-as-password,app-vulnerable/backend/core/security.py,22,22,It looks like MD5 is used as a password hash. MD5 is not considered a secure password hash because it can be cracked by an attacker in a short amount of time. Use a suitable password hashing function such as scrypt. You can use `hashlib.scr,CWE-327: Use of a Broken or Risky Cryptographic Algorithm,"A03:2017 - Sensitive Data Exposure, A02:2021 - Cryptographic Failures, A04:2025 - Cryptographic Failures",True positive,Alta
WARNING,python.lang.security.insecure-hash-algorithms-md5.insecure-hash-algorithm-md5,app-vulnerable/backend/core/security.py,27,27,Detected MD5 hash algorithm which is considered insecure. MD5 is not collision resistant and is therefore not suitable as a cryptographic signature. Use SHA256 or SHA3 instead.,CWE-327: Use of a Broken or Risky Cryptographic Algorithm,"A03:2017 - Sensitive Data Exposure, A02:2021 - Cryptographic Failures, A04:2025 - Cryptographic Failures",True positive,Alta
WARNING,python.lang.security.audit.md5-used-as-password.md5-used-as-password,app-vulnerable/backend/core/security.py,27,27,It looks like MD5 is used as a password hash. MD5 is not considered a secure password hash because it can be cracked by an attacker in a short amount of time. Use a suitable password hashing function such as scrypt. You can use `hashlib.scr,CWE-327: Use of a Broken or Risky Cryptographic Algorithm,"A03:2017 - Sensitive Data Exposure, A02:2021 - Cryptographic Failures, A04:2025 - Cryptographic Failures",True positive,Alta
ERROR,python.jwt.security.unverified-jwt-decode.unverified-jwt-decode,app-vulnerable/backend/core/security.py,77,77,Detected JWT token decoded with 'verify=False'. This bypasses any integrity checks for the token which means the token could be tampered with by malicious actors. Ensure that the JWT token is verified.,CWE-287: Improper Authentication,"A02:2017 - Broken Authentication, A07:2021 - Identification and Authentication Failures, A07:2025 - Authentication Failures",True positive,Critica
WARNING,python.lang.security.insecure-hash-algorithms-md5.insecure-hash-algorithm-md5,app-vulnerable/backend/services/cache_service.py,18,18,Detected MD5 hash algorithm which is considered insecure. MD5 is not collision resistant and is therefore not suitable as a cryptographic signature. Use SHA256 or SHA3 instead.,CWE-327: Use of a Broken or Risky Cryptographic Algorithm,"A03:2017 - Sensitive Data Exposure, A02:2021 - Cryptographic Failures, A04:2025 - Cryptographic Failures",False positive,No aplica
WARNING,python.lang.security.insecure-hash-algorithms-md5.insecure-hash-algorithm-md5,app-vulnerable/backend/services/cache_service.py,50,50,Detected MD5 hash algorithm which is considered insecure. MD5 is not collision resistant and is therefore not suitable as a cryptographic signature. Use SHA256 or SHA3 instead.,CWE-327: Use of a Broken or Risky Cryptographic Algorithm,"A03:2017 - Sensitive Data Exposure, A02:2021 - Cryptographic Failures, A04:2025 - Cryptographic Failures",False positive,No aplica
ERROR,python.lang.security.audit.subprocess-shell-true.subprocess-shell-true,app-vulnerable/backend/services/export_service.py,48,48,"Found 'subprocess' function 'Popen' with 'shell=True'. This is dangerous because this call will spawn the command using a shell process. Doing so propagates current shell settings and variables, which makes it much easier for a malicious ac",CWE-78: Improper Neutralization of Special Elements used in an OS Command ('OS Command Injection'),"A01:2017 - Injection, A03:2021 - Injection, A05:2025 - Injection",True positive,Media
ERROR,python.lang.security.deserialization.avoid-pyyaml-load.avoid-pyyaml-load,app-vulnerable/backend/services/import_service.py,36,36,"Detected a possible YAML deserialization vulnerability. `yaml.unsafe_load`, `yaml.Loader`, `yaml.CLoader`, and `yaml.UnsafeLoader` are all known to be unsafe methods of deserializing YAML. An attacker with control over the YAML input could ",CWE-502: Deserialization of Untrusted Data,"A08:2017 - Insecure Deserialization, A08:2021 - Software and Data Integrity Failures, A08:2025 - Software or Data Integrity Failures",True positive,Media
ERROR,python.lang.security.unverified-ssl-context.unverified-ssl-context,app-vulnerable/backend/services/notification_service.py,22,22,Unverified SSL context detected. This will permit insecure connections without verifying SSL certificates. Use 'ssl.create_default_context' instead.,CWE-295: Improper Certificate Validation,"A03:2017 - Sensitive Data Exposure, A07:2021 - Identification and Authentication Failures, A07:2025 - Authentication Failures",True positive,Baja
WARNING,typescript.angular.security.audit.angular-domsanitizer.angular-bypasssecuritytrust,app-vulnerable/frontend/src/app/shared/safe-html.pipe.ts,14,14,"Detected the use of `bypassSecurityTrustHtml`. This can introduce a Cross-Site-Scripting (XSS) vulnerability if this comes from user-provided input. If you have to use `bypassSecurityTrustHtml`, ensure it does not come from user-input or us",CWE-79: Improper Neutralization of Input During Web Page Generation ('Cross-site Scripting'),"A07:2017 - Cross-Site Scripting (XSS), A03:2021 - Injection, A05:2025 - Injection",True positive,Media
